<?xml version="1.0"?>
<pagescount>
	<html_total>2</html_total>
	<html_done>1</html_done>
	<images>7</images>
	<script>4</script>
	<css>2</css>
	<pdf/>
	<documents/>
	<excel/>
	<powerpoint/>
	<flash/>
	<audios/>
	<videos/>
	<xml/>
	<json/>
	<txt/>
	<autocad/>
	<fonts/>
	<scraping_reload>1</scraping_reload>
	<is_pretty_url>false</is_pretty_url>
	<is_ebn>false</is_ebn>
	<email>clueso.de@gmail.com</email>
	<theme_name>WmdTheme654139</theme_name>
	<server_url_front_page>https://www6.waybackmachinedownloader.com/wdo/files/demo/arabasiasstarzzvote.pages.dev_clueso.de_gmail.com_4tdvpyjycn/</server_url_front_page>
	<no_www_url>arabasiasstarzzvote.pages.dev</no_www_url>
	<hosted_domain/>
	<original_archive_url>https://arabasiasstarzzvote.pages.dev/error</original_archive_url>
	<final_archive_url>https://arabasiasstarzzvote.pages.dev/error</final_archive_url>
	<front_page_code_date/>
	<total_urls_from_api/>
	<max_reached_live>false</max_reached_live>
	<scrape_other_captures>false</scrape_other_captures>
	<total_size>608</total_size>
</pagescount>
